Index,Zeta
0,0.249999
1,0.279999
2,0.27
3,0.22
4,0.13
5,7.49995e-07
