Index,Zeta
0,0.249998
1,0.269998
2,0.279998
3,0.279999
4,0.269999
5,0.249999
6,0.22
7,0.18
8,0.13
9,0.0700004
10,7.4999e-07
