Index,Zeta
0,0.249993
1,0.257771
2,0.264438
3,0.269994
4,0.274438
5,0.277772
6,0.279994
7,0.281106
8,0.281106
9,0.279995
10,0.277773
11,0.27444
12,0.269996
13,0.264441
14,0.257774
15,0.249997
16,0.241108
17,0.231108
18,0.219998
19,0.207776
20,0.194443
21,0.179998
22,0.164443
23,0.147777
24,0.129999
25,0.111111
26,0.0911108
27,0.0699999
28,0.047778
29,0.0244449
30,7.4997e-07
